WASTE CODE GROUP,2021,2023,delta,pct_change,share_2021,share_2023
F039,24203067.2232553,24171792.2792493,-31274.944005999714,-0.12921892798756293,29.45907438279586,34.96055681175795
TCORICR,11598115.5892751,9655299.8647134,-1942815.7245616987,-16.751132626736716,14.116795474435945,13.964817153614687
D018,9710109.4387651,8491696.9373174,-1218412.5014477,-12.547876098939764,11.818784519460403,12.281855220978917
D002,12525348.558447301,5229602.055584,-7295746.502863301,-58.2478520962431,15.245389001738088,7.563766792919367
KXXX,4357173.5540312,4508684.6820209995,151511.12798979972,3.477280078724971,5.303389799439312,6.521077343007573
TCMT,3613597.3797555002,2690875.6084035,-922721.7713520001,-25.534714423952575,4.398336500813784,3.8919128748977467
F1_5,1476921.4730779,1942294.09788,465372.6248021,31.50963902178664,1.7976539556583682,2.8092117609486906
K013,1895215.1239999998,1589250.0555,-305965.0684999998,-16.144081198246067,2.306785449724764,2.2985911103122705
K061,1447114.0567101,1435139.7931917,-11974.263518400025,-0.8274581718612126,1.7613734756746466,2.07569574043399
DMIX,1834269.9065331,1406260.2086607,-428009.69787240005,-23.33406312495028,2.2326051948805357,2.033926129640059
K011,1710244.1014999999,1275752.995,-434491.10649999976,-25.40521005854788,2.0816455920271575,1.8451687216324624
D008,1218738.5085389,934100.2597472,-284638.2487917,-23.355153447390624,1.4834032416241918,1.3510237396340912
F005,954370.1666162,844161.6421534,-110208.52446280001,-11.547775519173408,1.161623915999126,1.2209421919509968
D007,674758.3692099,514471.4467151,-160286.9224948,-23.754714251634404,0.8212908225891763,0.7440990735449573
D001,421858.2131228,438188.8573994,16330.644276599982,3.8711215684797504,0.5134701467687125,0.6337687444278663
D011,428371.52458850003,430740.2089047,2368.6843161999714,0.5529509269962246,0.5213979075428515,0.6229954887312532
D040,280362.4403536,359986.64397840004,79624.20362480002,28.40045318637404,0.3412467481221998,0.5206619919982118
ICR,243760.0050751,349878.54765140003,106118.54257630004,43.534025421276965,0.29669562352652235,0.5060422785811735
U043,5.105764,349672.2228286,349667.1170646,6848477.858839539,6.214546283310743e-06,0.5057438633620682
F003,279470.3327658,246963.4855833,-32506.8471825,-11.631591396765963,0.34016090790434483,0.35719241951192493
FMIX,208584.42438510002,234589.5611934,26005.136808299983,12.467439448061505,0.25388121333436764,0.33929555519918353
F6_9,287223.72416790004,179478.75800180002,-107744.96616610003,-37.51255801666175,0.3495980479133571,0.2595867630805471
TCOR Only,196133.4494458,155112.063346,-41021.3860998,-20.915038314836732,0.23872634913919094,0.2243443117559856
UMIX,146055.6790523,150896.8154806,4841.1364283,3.314582808222386,0.1777735471931131,0.2182476429293025
LABP,1486.8079112,137726.08651239998,136239.27860119997,9163.206462309008,0.001809687360901321,0.19919833069686582
K062,154729.6349616,120638.6854927,-34090.94946890001,-22.032592190475032,0.18833116412521994,0.1744841908758254
D006,94040.1826637,118720.76859230001,24680.585928600005,26.244723510226482,0.11446221714410622,0.17171023675682423
K069,85367.90797500001,112163.141,26795.233024999994,31.38794619735437,0.10390664653126347,0.16222569753265725
F006,238394.6800516,102772.6117821,-135622.0682695,-56.88972096195474,0.2901651492069992,0.14864382795417758
K001,22237.1801881,80093.0047316,57855.8245435,260.1760837215366,0.027066269707974783,0.11584147380528714
U_PS,10217.3884466,72548.7201689,62331.331722300005,610.0515023782007,0.012436225684532261,0.1049298961278319
F001,418699.3692912,70730.0255749,-347969.3437163,-83.10720513034539,0.509625319394547,0.10229945089885492
D003,32178.9897145,63946.514971799996,31767.525257299996,98.72132574437352,0.03916707096742831,0.09248820872520648
U080,43234.869644000006,56304.162465,13069.292820999995,30.228593097686623,0.052623877338542235,0.08143479175459864
K022,71409.3020375,43339.3664,-28069.935637500006,-39.308514208358055,0.0869167498871785,0.0626833278934602
K171,43894.25354,43283.3318501,-610.9216898999948,-1.391803346976327,0.05342645492343682,0.06260228305232601
D004,24450.2171551,40883.6126942,16433.395539099998,67.2116547466827,0.029759896099264927,0.05913148051882388
KPET,29572.244,31182.7858197,1610.5418197,5.446126508695113,0.035994236913292205,0.04510081596780787
K088,33828.322,29881.2495,-3947.0724999999984,-11.667952374344782,0.04117457695963603,0.043218355870444695
F037,27539.3842582,26653.9006756,-885.483582599998,-3.215335442136258,0.03351991554769536,0.03855052194967842
F002,164949.2525364,25601.1093278,-139348.1432086,-84.47940264406442,0.20077010302179454,0.037027830901349076
K019,34718.5715,24443.8878873,-10274.683612699999,-29.59420036247747,0.042258155582040866,0.03535409874913644
K170,46998.1923,19143.0368851,-27855.155414900004,-59.26856768680442,0.05720445388394149,0.027687281970631812
D043,11241.338690100001,18125.9428277,6884.604137599999,61.24363234125414,0.013682539885509444,0.02621622123314734
F034,11771.973389,17012.5040129,5240.5306239,44.51701045125426,0.014328408730180821,0.024605813511141182
D010,15400.757707499999,16791.950704799998,1391.1929972999988,9.033276308363082,0.01874523020870401,0.02428681910771539
K038,11460.2575,13390.04,1929.7825000000012,16.838910469507347,0.01394899972901393,0.01936650988572246
F20S,13827.1585,12738.8095001,-1088.3489998999994,-7.871096580689368,0.016829903705875077,0.018424611137533707
F007,7159.9405425,11673.3948957,4513.454353199999,63.03759544383114,0.00871481366689085,0.016883662606498276
U162,407.5835117,11253.4297224,10845.8462107,2661.0120133326286,0.0004960955104415277,0.016276251450118337
D016,6945.0464616,10419.706425,3474.6599634000004,50.030766282296526,0.008453252574023538,0.015070406622092863
D005,30726.6744263,10143.5963235,-20583.0781028,-66.98765319419743,0.03739936674598786,0.014671058374421642
K086,9312.84282,10102.722894999999,789.8800749999991,8.481621458312114,0.011335246347870396,0.0146119416236794
D009,21460.070075300002,10079.1897705,-11380.880304800003,-53.03281985970357,0.02612040014502115,0.014577904795688506
K048,9809.861957,10067.1070605,257.2451035000013,2.6223111459426756,0.011940199579272722,0.014560429125514161
K050,7541.4037588,9899.2389554,2357.8351966,31.26520303131446,0.009179116524029746,0.014317635278974743
K083,9397.9305,9489.976,92.04550000000017,0.9794230761761877,0.011438811911319773,0.013725703136007726
D039,3818.2431171,8868.5839021,5050.340784999999,132.2687065782179,0.004647423690587861,0.012826960771766082
K169,2698.4395,7631.9685,4933.529,182.82896466643038,0.003284440323811266,0.011038398197673226
U240,6491.6262566,7586.671170900001,1095.0449143000014,16.868576085794764,0.007901366343136105,0.0109728829959403
F019,9748.9796484,7495.4583947,-2253.5212536999998,-23.11545756554992,0.011866095894764488,0.010840958585559038
F035,1383.4168716,7298.2706031,5914.853731499999,427.5539682163292,0.001683843628039047,0.010555758592477225
U228,5420.0068434,6631.8506588,1211.8438153999996,22.3587137509923,0.006597030999507668,0.00959189078929452
K051,6758.9945275,6351.644509,-407.35001850000026,-6.026784262698166,0.008226797070877695,0.009186618275534896
D028,994.0299718,6338.7198757,5344.6899039,537.678948877344,0.0012098963576752028,0.009167924900565606
K017,8074.074,5992.817999999999,-2081.2560000000003,-25.777024089697477,0.009827462955176915,0.008667634229646476
K016,7010.8725,5406.1995,-1604.6730000000007,-22.888349488597896,0.00853337358280573,0.007819186205637759
F30S,1086.1882096,5386.0684185,4299.8802089,395.8687979575359,0.0013220679414374873,0.0077900698782122964
U154,8574.0378085,4668.6840236,-3905.3537848999995,-45.548595330759674,0.010436000331346977,0.006752490305956062
F009,4926.3085483,4476.8576334,-449.4509149000005,-9.123482836963179,0.005996119773510823,0.00647504470593166
K156,5830.2205,4439.818,-1390.4025000000001,-23.848197508138842,0.007096327824622743,0.006421472914779083
K052,328.57099999999997,4190.195,3861.624,1175.2784025370468,0.00039992441618016316,0.006060433941243254
U108,2392.7893501999997,3129.7746592,736.9853090000001,30.800258657888115,0.0029124143150821187,0.004526708798291898
K157,3263.8605,3092.788,-171.07249999999976,-5.2414158019314785,0.003972649762017937,0.004473213625683254
P075,3483.2651432,2857.1909357,-626.0742074999998,-17.973774081545773,0.004239700943768538,0.004132460881493308
D021,94.8847048,2785.6853393000006,2690.800634500001,2835.8634198965237,0.00011549013811799314,0.004029039693837029
U112,4976.2023378,2686.0671879,-2290.1351499,-46.02174498620727,0.006056848640747443,0.0038849582785548125
U028,4181.2587207999995,2643.651933,-1537.6067877999994,-36.77377771796454,0.005089272798920646,0.003823611527288476
U169,3094.7051586,2477.832,-616.8731585999999,-19.93318028652088,0.0037667601638697395,0.0035837800277788152
U210,14803.0909361,2245.9369231,-12557.154013,-84.8279191636736,0.018017772415342977,0.0032483816048290547
K046,2589.6755,2219.5274999999997,-370.14800000000014,-14.293219362812065,0.0031520568231328144,0.003210184679835374
F032,1784.6165919,2150.5448892,365.92829729999994,20.504588994682198,0.0021721690247192846,0.0031104125795278965
U077,192.1441102,2110.7541091,1918.6099989,998.5265730513138,0.00023387067359624536,0.0030528617031924067
K172,2277.7245,2100.8595,-176.86499999999978,-7.764986502976975,0.0027723616535901036,0.003038550764244464
PSLU,5211.9170609,2060.2245000000003,-3151.6925609,-60.470888620698084,0.006343751845901995,0.0029797788614565465
K049,618.4449999999999,1736.69,1118.2450000000001,180.81559394934072,0.0007527482813898396,0.0025118389529407933
F025,979.7985,1715.424,735.6255,75.07926374657646,0.001192574338839093,0.00248108115093051
K111,1504.375,1567.435,63.059999999999945,4.191773992521808,0.0018310693688457986,0.002267039189033594
D035,1368.6055111,1422.3338165999999,53.728305499999806,3.9257700677250913,0.0016658157902177044,0.002057173983048688
F038,3832.644002,1358.7275001,-2473.9165019,-64.54855970471114,0.004664951912756311,0.0019651778159504836
U003,2500.1824043,1355.2856505,-1144.8967538000002,-45.79252905031734,0.003043129151335919,0.00196019974162781
U031,1709.6058906,1339.5338642,-370.07202640000014,-21.64662794125729,0.0020808687854265073,0.0019374173507539412
PMIX,1966.6961117,1274.6453927,-692.0507190000001,-35.18849276626655,0.0023937894527375197,0.0018435667554775892
U008,793.9598569,1205.7221941999999,411.7623372999999,51.86185847074404,0.0009663784455755937,0.001743880585376091
F024,950.8575,1200.573034,249.71553400000005,26.262140646732036,0.0011573484286745619,0.0017364331646128619
D024,823.9421177,1147.0696218,323.1275041,39.21725776101808,0.0010028717397074598,0.001659049201511095
U122,856.9080361,1104.8261163,247.91808019999996,28.931702091199462,0.0010429966310398137,0.0015979508577516049
P001,352.546379,893.2297321,540.6833531,153.36516989159034,0.00042910635691526504,0.0012919111845025014
D022,824.9969199,864.0712978,39.07437790000006,4.736305913085878,0.0010041556057638693,0.0012497382629785075
F008,758.0968737000001,835.2964096,77.19953589999989,10.183333895471238,0.0009227273545823565,0.001208120078358756
U002,791.1210277,726.2777902,-64.84323749999999,-8.196373908618835,0.0009629231281238246,0.0010504424186700684
U220,803.9759182,708.1627444,-95.81317380000007,-11.917418374236084,0.0009785696233357345,0.0010242419582109498
K116,656.33,703.66,47.32999999999993,7.2113113829933,0.0007988604961226844,0.0010177294725174431
U066,69.19500000000001,703.115,633.92,916.1355589276682,8.422158369906776e-05,0.0010169412188686328
D019,392.498,690.4741715,297.9761715,75.91788276628162,0.0004777339859630999,0.0009986583212739301
U012,386.1828822,586.0886329,199.9057507,51.76452916845521,0.00047004745915679637,0.0008476816576326442
U151,93.0513159,573.9091357,480.85781979999996,516.7662758437142,0.00011325860525153905,0.0008300660005526855
P081,110.6413749,507.724205,397.08283009999997,358.89180739022066,0.0001346685716702115,0.0007343402884048947
U009,329.2144973,490.7805,161.5660027,49.07621141385258,0.0004007076571905262,0.0007098339814496307
U188,2769.773648,461.841083,-2307.932565,-83.32567416353729,0.0033712655989956526,0.0006679778327437608
P094,141.02599999999998,443.2755,302.2495,214.32182718080358,0.0001716516086819095,0.0006411257436757893
D012,25.1177961,438.79949999999997,413.68170389999995,1646.9665660674743,3.057244839326927e-05,0.000634651939396751
U190,393.7101169,412.2093727,18.499255800000014,4.698699628462612,0.0004792093296287752,0.0005961936552379233
U213,179.7941815,407.8670638,228.07288229999997,126.85220422441756,0.0002188387991301052,0.0005899132133394145
K104,238556.128,402.070499,-238154.057501,-99.83145664612732,0.29036165765268473,0.0005815294273684665
U134,660.2017519,395.4846316,-264.7171203,-40.09639773571767,0.0008035730487161935,0.0005720040438663891
K143,884.917902,382.924,-501.99390200000005,-56.72773721329914,0.0010770891993655096,0.0005538371380130595
U019,776.1012674,362.799328,-413.3019394,-53.253609646147574,0.0009446416338070909,0.0005247300808844085
U223,280.1979648,354.177818,73.97985319999998,26.402708974993942,0.00034104655458792746,0.0005122604722316446
U052,360.1614406,336.8938245,-23.267616099999998,-6.4603295847656605,0.0004383751270275268,0.00048726199343826433
U123,370.6350769,322.8024488,-47.83262810000002,-12.905585866311734,0.000451123248080696,0.00046688111580104447
U239,1361.7604332,302.4135263,-1059.3469069,-77.7924575478112,0.001657484215663452,0.0004373918634048247
K177,277.0,300.0,23.0,8.303249097472925,0.0003371541106242036,0.0004339010910883566
U410,177.517,287.755,110.238,62.099967890399235,0.00021606709839594492,0.00041619069488710016
K044,321.70898139999997,271.6775517,-50.03142969999999,-15.55176653206114,0.00039157222203514604,0.0003929372870228113
F004,36.9115,262.3848024,225.47330240000002,610.848387088035,4.4927306694242924e-05,0.0003794968401545428
U147,181.8944036,259.859782,77.96537839999999,42.86298910627946,0.00022139511145587702,0.0003758448097992749
U036,6.527,248.451,241.924,3706.5114141259387,7.944421949617967e-06,0.0003593438666066442
D036,22.8220209,235.4765044,212.65448350000003,931.7951483428885,2.777811609814616e-05,0.00034057837394944066
U103,2.5832601000000004,227.188411,224.6051509,8694.639417068378,3.14424823655773e-06,0.00032859099805176664
F012,155.9433847,223.7407722,67.79738750000001,43.47564190069809,0.0001898084952211427,0.0003236045505951048
U409,178.5467205,223.51950000000002,44.97277950000003,25.188241696099944,0.00021732043593879335,0.00032328451643174645
P029,2.252404,211.2786102,209.0262062,9280.138296682122,2.741542481539345e-06,0.00030558006496470523
U125,458.2789952,209.8196606,-248.4593346,-54.2157369642413,0.000557800169835414,0.00030346993222042884
K158,162.6285,206.691,44.0625,27.09395954583606,0.00019794536924060756,0.00029894483472714503
F1012,169.6461,198.07885,28.43275,16.760037513388166,0.0002064869312865152,0.000286488763788423
U045,404.0585189,190.91285000000002,-213.1456689,-52.751187991349134,0.0004918050201439078,0.00027612431305929256
K071,351.2815,180.6715,-170.60999999999999,-48.56788643865389,0.00042756679318135804,0.0002613118699285667
P127,22.472,180.5088357,158.03683569999998,703.2611058205765,2.7352083660458855e-05,0.0002610766025377296
K114,0.0,167.1895,167.1895,,0.0,0.000241812354895056
U159,118.6144435,164.7300816,46.11563810000001,38.87860258771944,0.00014437309460443084,0.00023825520713771336
U140,167.877844,162.71725179999999,-5.160592200000025,-3.0740162471946118,0.00020433467576652995,0.0002353439769830628
D037,85.2600867,155.527,70.26691329999998,82.41478049071698,0.00010377541048043679,0.0002249444499789961
K132,3.8165,151.844,148.0275,3878.6191536748333,4.645302033203152e-06,0.00021961759091740135
U044,195.0102539,149.1616008,-45.84865310000001,-23.51089349563685,0.0002373592372427965,0.00021573793778535292
D038,315.4355294,145.7030613,-169.7324681,-53.808925209805494,0.0003839364092928947,0.000210735724243279
F011,39950.1489971,145.5652357,-39804.5837614,-99.63563280900263,0.048625837380583646,0.00021053638198254593
U279,213.8849492,143.8736229,-70.01132630000001,-32.73317106316521,0.00026033281524703595,0.00020808973985048253
K045,158.805,135.679,-23.126000000000005,-14.562513774755207,0.00019329154706742473,0.0001962375537925904
P069,3900.7305,132.7375,-3767.993,-96.59711174612036,0.00474782426899713,0.00019198315359446913
D020,51.454,107.957,56.50299999999999,109.81264819061684,6.262789750201361e-05,0.0001561422003020857
P106,701.8528087,106.6548684,-595.1979403,-84.80381255472207,0.0008542691678929522,0.00015425887922881692
U072,46.5531,102.72975,56.176649999999995,120.67220013275161,5.6662704069673684e-05,0.00014858183537411364
D029,90480.17288310001,94.8670934,-90385.30578970001,-99.89515151178749,0.11012910547843237,0.00013720978444880342
P120,83.7001369,93.2268873,9.526750399999997,11.382000977348458,0.00010187669752939923,0.00013483749372747084
U051,161.17075010000002,91.8952227,-69.27552740000002,-42.982692180198526,0.00019617105021155695,0.00013291145798445837
U007,47.86447,91.079958,43.21548800000001,90.28719632746379,5.825885492183708e-05,0.0001317323105082723
U165,65.5241267,85.445482,19.921355300000002,30.403084029199285,7.975353307569e-05,0.0001235829595612351
P042,135.2373337,82.4722422,-52.7650915,-39.01666060427513,0.00016460585908596438,0.00011928265291694401
U201,15.8084049,77.90565,62.097245099999995,392.81158024994664,1.9241403229049825e-05,0.00011267782178982542
U088,4.1996463,77.1403022,72.9406559,1736.8285491090046,5.111653477302265e-06,0.00011157087097155183
U107,0.211,71.9981102,71.7871102,34022.32710900474,2.5682136224442947e-07,0.0001041335285735991
P044,11.7625,69.7835,58.021,493.2709883103082,1.431687807298626e-05,0.00010093045596654777
F010,73.74297080000001,69.5962432,-4.1467276000000055,-5.623217447051923,8.97572048189914e-05,0.00010065961953376871
K095,12.4495,69.1495,56.7,455.4399775091369,1.5153068953848457e-05,0.00010001347832738105
U113,44.9562519,67.4691968,22.512944900000008,50.07745074050537,5.471907987849156e-05,9.758319368791686e-05
K094,102.4175,64.4015,-38.016000000000005,-37.11865647960554,0.00012465877662402302,9.314627039242265e-05
P105,15.3918248,62.967736200000004,47.5759114,309.09857679772966,1.873435740551466e-05,9.10725648018127e-05
U084,103.5125,61.2918511,-42.2206489,-40.78797140441976,0.0001259915699494147,8.864867022371696e-05
K106,78.64,60.7425,-17.8975,-22.758774160732454,9.571768685735512e-05,8.785412341811499e-05
U161,117.5253462,58.2459963,-59.2793499,-50.43963010253187,0.00014304748582621887,8.424333782032793e-05
P030,16.6217617,56.0459258,39.4241641,237.18402905511513,2.0231390913252526e-05,8.106129451892357e-05
P194,7.966,54.382876599999996,46.416876599999995,582.6873788601556,9.69591929686789e-06,7.865596497754484e-05
U372,32.936,53.246,20.310000000000002,61.66504736458587,4.008847576721577e-05,7.701165832030212e-05
U219,11.277445,52.9619145,41.6844695,369.62689243884586,1.3726487144723362e-05,7.66007749589275e-05
U146,0.055,49.308676299999995,49.253676299999995,89552.13872727272,6.694395698314511e-08,7.131696148897529e-05
K147,671.275,47.8,-623.475,-92.87922237533054,0.0008170509949792861,6.913490718007815e-05
D032,313.663,47.607,-266.05600000000004,-84.82224553103173,0.0003817789523491681,6.88557641448113e-05
U133,35.8651898,47.1422414,11.2770516,31.442888390904315,4.365377678479155e-05,6.818356659936898e-05
P102,7.398,45.1761743,37.7781743,510.65388348202225,9.004570795660138e-06,6.533997106655924e-05
U058,19.602,43.3723976,23.7703976,121.26516477910417,2.385882626879292e-05,6.273110213919339e-05
U189,16.9814633,40.899499999999996,23.918036699999995,140.8479132655193,2.0669206339382864e-05,5.915445891656079e-05
U144,8.273591,35.5575912,27.284000199999998,329.77216543578237,1.0070307636366119e-05,5.142825872717915e-05
P012,10.9253261,34.6730584,23.747732300000003,217.36405927508198,1.3297901099367866e-05,5.014892623710103e-05
U115,23.0525467,33.77493,10.722383299999997,46.512792879408835,2.805870353884989e-05,4.8849929928109546e-05
U211,6.0130357000000005,31.869761,25.8567253,430.01117222703334,7.318843695253017e-06,4.609441356875051e-05
U238,0.04,30.7575,30.7175,76793.75,4.868651416956009e-08,4.448570936383376e-05
U160,38.6743313,30.4494147,-8.2249166,-21.26712039620967,4.707295947089278e-05,4.4040114204439476e-05
U117,46.7991587,28.381500600000003,-18.417658099999997,-39.354677758341836,5.696219757927603e-05,4.104921359021616e-05
F020,246.706,26.127,-220.57899999999998,-89.40966170259337,0.0003002813791178872,3.778844602288497e-05
D026,153.10814200000002,25.782290500000002,-127.32585150000001,-83.16073190934549,0.00018635754312395044,3.7289879929023236e-05
P070,29.6045,25.610000000000003,-3.9944999999999986,-13.49288114982519,3.603349771831854e-05,3.704068980924271e-05
U181,0.0,25.5438849,25.5438849,,0.0,3.6945065095817984e-05
P015,25.5843521,24.626732399999998,-0.9576197000000022,-3.7429898410442926,3.114032302589161e-05,3.561855352766994e-05
U057,32.1641876,24.568872000000002,-7.595315599999996,-23.614200036564878,3.914905438349471e-05,3.553486789203391e-05
U135,369.81623510000003,24.2321743,-345.58406080000003,-93.44750933029007,0.00045012658425823784,3.5047889560710776e-05
U114,11.3985,23.3275,11.929,104.65412115629249,1.3873830794043265e-05,3.373942567454546e-05
U041,8.7764922,22.6760905,13.899598300000001,158.37304908674108,1.0682420296358338e-05,3.2797268031894386e-05
U062,25.999000000000002,22.489500000000003,-3.509499999999999,-13.49859609984999,3.164501704735982e-05,3.2527395293438657e-05
U404,37.5511139,22.2394102,-15.311703699999999,-40.775631159106574,4.5705820974377866e-05,3.216568116980508e-05
K027,500.792,21.82,-478.972,-95.64290164379624,0.0006095454201000583,3.155907269182647e-05
K085,19.297,21.67,2.373000000000001,12.297248276934244,2.3487591598250023e-05,3.134212214628229e-05
P098,6.8355685,20.9728614,14.137292899999998,206.81956299611363,8.320000065806213e-06,3.0333824815682923e-05
K161,517.2195,20.4895,-496.73,-96.03852909644745,0.0006295403628880696,2.9634721352849603e-05
P066,5.0331505,17.4855738,12.452423300000001,247.40812538786594,6.12616382839446e-06,2.529003183375327e-05
U196,7.125257599999999,17.4384615,10.3132039,144.74148836387332,8.672598877604142e-06,2.522189157250766e-05
K031,116.9,17.03,-99.87,-85.43199315654405,0.00014228633766053935,2.4631118604115707e-05
U236,5.8514268000000005,16.519113,10.6676862,182.30914552327647,7.122139345258591e-06,2.389220384837285e-05
P078,5.536118,16.4386161,10.9024981,196.93399056884266,6.738357186283916e-06,2.377577820590875e-05
F027,306.8807767,16.1099246,-290.7708521,-94.7504288886271,0.0003735238820792539,2.3300379537637186e-05
U010,27.924306,15.9934241,-11.930881900000001,-42.725795584678096,3.398842799360329e-05,2.313188055742939e-05
U226,256.3791819,15.4293804,-240.94980149999998,-93.98181229628145,0.00031205521680886426,2.2316083301257678e-05
U249,18.992025,14.197525,-4.794500000000001,-25.244806701760346,2.3116387356778486e-05,2.053440529418073e-05
U129,3.3105128,13.546700000000001,10.236187200000002,309.2024655515605,4.029433208642751e-06,1.95930930354888e-05
P028,8.965,12.464345,3.499345,39.033407696597884,1.0911864988252653e-05,1.802764298400567e-05
P115,1.4536854,12.2036113,10.749925900000001,739.4946595735227,1.7693718706295653e-06,1.7650534194293992e-05
U055,1.9295,12.1520435,10.2225435,529.8027209121534,2.3485157272541544e-06,1.7575949778677236e-05
P068,8.154561300000001,11.5533102,3.3987488999999993,41.679113994765096,9.925429106974909e-06,1.6709979671540796e-05
D023,25.558323,11.48675,-14.071573,-55.05671479306369,3.110864137224234e-05,1.66137111935306e-05
U037,127.07121559999999,11.4757506,-115.59546499999999,-90.96904004119718,0.0001546663634713156,1.659780235465954e-05
U001,506.6351745,11.3347551,-495.3004194,-97.76273822456439,0.0006166575150522949,1.639387535036438e-05
K087,136.136,11.3195,-124.81649999999999,-91.6851530822119,0.00016569968232468078,1.637181133524884e-05
P198,4.795,10.2635,5.468500000000001,114.04588112617311,5.836295886076015e-06,1.4844479494617826e-05
K144,0.0,10.185,10.185,,0.0,1.4730942042449705e-05
U138,3.3418503999999998,10.1385559,6.7967055,203.3815008595238,4.06757617130375e-06,1.4663768223567649e-05
K015,8.8585,10.0835,1.2250000000000014,13.828526274199938,1.0782237144276199e-05,1.4584138839964812e-05
U025,0.0125,10.059,10.0465,80371.99999999999,1.5214535677987526e-08,1.4548703584192595e-05
P020,90.38876379999999,9.9425065,-80.44625729999998,-89.00028490045572,0.00011001784573794299,1.4380214728343589e-05
U145,18.2915,9.661000000000001,-8.630499999999998,-47.183117841620415,2.2263734348312706e-05,1.3973061470015377e-05
P088,0.0015,9.5365,9.535,635666.6666666667,1.8257442813585033e-09,1.379299251721371e-05
U056,18.5513637,9.522660499999999,-9.0287032,-48.66867657820757,2.2580030791117815e-05,1.3772975936713314e-05
P087,7.6254954,9.48504,1.8595445999999995,24.385885800940873,9.281469746050382e-06,1.371856401672235e-05
K006,79.915,9.479,-70.436,-88.13864731276982,9.726956949650987e-05,1.3709828141421772e-05
U221,44.1952995,9.4312657,-34.76403379999999,-78.66002537215523,5.3792876883367536e-05,1.3640788258580643e-05
U197,1.2145,9.300621900000001,8.086121900000002,665.7984273363527,1.478244286473268e-06,1.345183330070088e-05
U079,2.8582527,9.063968599999999,6.2057158999999995,217.11571898453906,3.4789590144683345e-06,1.3109552883768677e-05
U244,33.985,9.0015633,-24.9834367,-73.51312843901721,4.136527960131249e-05,1.3019293791236358e-05
U102,0.0595,8.561,8.5015,14288.235294117647,7.242118982722063e-08,1.2382090802691402e-05
U096,4.72623,7.857014700000001,3.1307847000000004,66.24274950647768,5.752591596589999e-06,1.1363890836757524e-05
U131,18.468075,7.470902,-10.997173,-59.54693707925705,2.2478654879299955e-05,1.0805441764047283e-05
U069,4.9264984,6.9463641,2.0198657000000004,41.00002752462074,5.9963508539478775e-06,1.0046783206956634e-05
D031,190.01749999999998,6.9242338000000005,-183.0932662,-96.35600205244253,0.00023128224265535956,1.0014775335902924e-05
U182,21.01,6.787,-14.223000000000003,-67.69633507853405,2.5572591567561438e-05,9.81628901738892e-06
P089,0.20350000000000001,6.7502014,6.5467014,3217.052285012285,2.4769264083763693e-07,9.763065841753839e-06
D027,1.8129312,6.594499999999999,4.781568799999999,263.7479458679953,2.2066325139309395e-06,9.537869150607224e-06
D030,9551.516521399999,6.2139999999999995,-9545.302521399999,-99.93494226821387,0.011625751111498208,8.987537933410158e-06
U035,11.577,6.1225,-5.4545,-47.11496933575193,1.4091094363524926e-05,8.85519810062821e-06
U141,0.0,5.711194,5.711194,,0.0,8.260311026724252e-06
P005,1.4635014999999998,5.4739371000000006,4.010435600000001,274.03016669268885,1.7813196629230607e-06,7.917157600796782e-06
U034,23.8339295,5.0700196,-18.7639099,-78.72772259396001,2.9009773657951155e-05,7.3329567875978435e-06
U059,1.138,4.8,3.662,321.792618629174,1.3851313281239843e-06,6.942417457413704e-06
P008,1.1450168,4.7565,3.6114832,315.4087520811922,1.3936719164396087e-06,6.879501799205894e-06
U359,55.5628855,4.5746266,-50.9882589,-91.76675840566271,6.762908030493486e-05,6.61645157687273e-06
PEST,514.3187207,4.563,-509.7557207,-99.11280693928667,0.0006260096420757642,6.599635595453903e-06
P121,0.0515,4.469936,4.418436,8579.487378640777,6.26838869933086e-08,6.465033691650413e-06
U092,4.8069645,4.4503001,-0.35666440000000055,-7.419742750336527,5.850858631045558e-06,6.436633563535407e-06
P072,0.18,4.45,4.2700000000000005,2372.2222222222226,2.1908931376302036e-07,6.4361995178106225e-06
U204,4.2110651,4.2618111,0.05074600000000018,1.205063298593987,5.125552016502248e-06,6.164014954341564e-06
K174,3.6495,4.1235,0.47399999999999975,12.988080558980675,4.4420358365452385e-06,5.963970497009461e-06
U081,2.489,3.8729999999999998,1.384,55.6046605062274,3.029518344200876e-06,5.601663085950683e-06
U119,0.1325,3.8335502000000004,3.7010502000000005,2793.2454339622645,1.6127407818666778e-07,5.544605381739959e-06
P063,16.134999999999998,3.7580093999999997,-12.3769906,-76.70895940502015,1.9638922653146295e-05,5.435347929934334e-06
P003,4.0567199,3.7357340000000003,-0.3209858999999997,-7.912449168600467,4.937688772332159e-06,5.403130195386236e-06
U158,1.9599999999999997,3.6160110000000003,1.6560110000000006,84.49035714285719,2.385639194308444e-06,5.229970394291665e-06
U070,2.2285405000000003,3.4550047,1.2264641999999997,55.03441377888352,2.712496715767213e-06,4.997101030151333e-06
P077,1.3885093,3.183,1.7944906999999999,129.2386518405026,1.6900419427253986e-06,4.603690576447463e-06
P096,5.5541417,3.1640658999999998,-2.3900758,-43.032315866194054,6.760294964419863e-06,4.576305487618209e-06
U137,0.6445,2.7750000000000004,2.1305000000000005,330.5663304887511,7.844614595570368e-07,4.013585092567298e-06
P189,7.523999999999999,2.7695,-4.754499999999999,-63.19112174375332,9.157933315294251e-06,4.005630239230678e-06
U205,0.874,2.62277,1.74877,200.08810068649882,1.0638003346048879e-06,3.793409215579363e-06
U149,3.74,2.6035,-1.1365000000000003,-30.387700534759365,4.552189074853868e-06,3.7655383021617875e-06
P041,4.3220524000000005,2.5420011000000002,-1.7800513000000002,-41.185324361176185,5.26064163535453e-06,3.6765901694593425e-06
F028,2.3037948,2.4093578,0.10556300000000007,4.582135527000932,2.804093454348971e-06,3.484743260807474e-06
K035,95.2,2.175,-93.025,-97.71533613445379,0.000115873903723553,3.1457829103905847e-06
U101,2.4145000000000003,2.109,-0.3055000000000003,-12.652723131083052,2.938839711560071e-06,3.0503246703511466e-06
U118,50.5305,1.9515,-48.579,-96.13797607385638,6.150384760612389e-05,2.8225265975297593e-06
U214,2.0745,1.929,-0.14549999999999996,-7.013738250180765,2.52500434111881e-06,2.7899840156981327e-06
U075,2.0730039000000002,1.8995,-0.17350390000000027,-8.36968517039453,2.523183343772583e-06,2.747317075074444e-06
P076,0.9295521999999999,1.8490801000000001,0.9195279000000002,98.92159902370197,1.1314164089161437e-06,2.6743929096658913e-06
K004,0.0,1.8119266,1.8119266,,0.0,2.620656429040054e-06
P110,0.0,1.8005,1.8005,,0.0,2.6041297150152865e-06
K014,154427.317,1.78,-154425.537,-99.9988473541893,0.18796319393219119,2.574479807124249e-06
U078,33.808,1.7226,-32.0854,-94.90475627070516,4.114984177611218e-05,2.491460065029343e-06
P022,2.2165221,1.6744999999999999,-0.5420221000000003,-24.45371963582047,2.697868365719827e-06,2.4218912567581767e-06
P045,0.0,1.65,1.65,,0.0,2.386456000985961e-06
D014,5.875,1.6385992,-4.2364008,-72.10894978723404,7.1508317686541375e-06,2.3699666024550273e-06
U217,8.9115801,1.5400165000000001,-7.3715636,-82.71892882385696,1.0846844270295492e-05,2.227382798813574e-06
P205,2.0805,1.5185,-0.5619999999999998,-27.012737322758944,2.5323073182442436e-06,2.1962626893922314e-06
U116,13.5855,1.4435,-12.142,-89.37470096794377,1.653576595626396e-05,2.0877874166201423e-06
U046,1.5410000000000001,1.3966025,-0.14439750000000018,-9.370376378974703,1.8756479583823024e-06,2.019957828555755e-06
P010,11.4885,1.31766,-10.17084,-88.53061757409584,1.3983375450924777e-05,1.9057803722782797e-06
U191,0.1575,1.254,1.0965,696.1904761904761,1.9170314954264283e-07,1.8137065607493304e-06
U121,2.7395008999999995,1.2445,-1.4950008999999995,-54.57201711450432,3.3344187346343144e-06,1.7999663595315324e-06
U006,2.502,1.2386001,-1.2633998999999998,-50.49559952038369,3.045341461305983e-06,1.7914331160404915e-06
U152,0.1945065,1.1301971,0.9356905999999999,481.05878209725637,2.3674608670803846e-07,1.6346458494496548e-06
U132,39.893499999999996,1.119,-38.774499999999996,-97.1950317720932,4.855688632558362e-05,1.6184510697595701e-06
U170,0.8109999999999999,1.051443,0.24044299999999996,29.647718865598026,9.871190747878306e-07,1.520740883057383e-06
U067,0.393,0.9210125,0.5280125,134.35432569974554,4.783450017159278e-07,1.3320944288533834e-06
K149,0.6,0.875,0.275,45.833333333333336,7.302977125434013e-07,1.2655448490077067e-06
U246,0.9913307,0.8670981,-0.12423260000000003,-12.531902825162181,1.206610904306748e-06,1.2541160389021362e-06
D041,4.6,0.8575,-3.7424999999999997,-81.35869565217392,5.5989491294994095e-06,1.2402339520275524e-06
U060,0.0,0.8380086,0.8380086,,0.0,1.2120428196047538e-06
U011,0.39999999999999997,0.8270000000000001,0.4270000000000001,106.75000000000003,4.868651416956008e-07,1.1961206744335696e-06
D034,2.2635,0.7842321,-1.4792679,-65.3531212723658,2.7550481205699815e-06,1.1342638795217105e-06
P024,0.6373506999999999,0.757,0.11964930000000007,18.77291418994285,7.757595971632259e-07,1.094877086512953e-06
P119,0.16301110000000002,0.7462707,0.5832595999999999,357.80360969283674,1.9841105574863943e-07,1.079358903257572e-06
U128,0.0075,0.7125,0.7050000000000001,9400.000000000002,9.128721406792517e-09,1.0305150913348469e-06
U206,1.151,0.6045,-0.5465,-47.48045178105995,1.4009544452290913e-06,8.743106985430385e-07
P056,0.6611499999999999,0.5801197,-0.08103029999999989,-12.255963094607864,8.04727221080116e-07,8.390485693061669e-07
P064,0.0045000000000000005,0.579,0.5745,12766.666666666666,5.47723284407551e-09,8.37429105800528e-07
K020,2.2232149,0.55,-1.6732148999999998,-75.26105101220759,2.7060145932706773e-06,7.954853336619871e-07
U353,6.8105,0.5190014,-6.291498600000001,-92.37939358343735,8.289487618794724e-06,7.506509124546151e-07
U177,0.312,0.5120004,0.20000040000000002,64.10269230769231,3.7975481052256864e-07,7.405251073255833e-07
K181,0.0,0.5,0.5,,0.0,7.23168485147261e-07
U328,0.043,0.47500000000000003,0.43200000000000005,1004.6511627906979,5.2338002732277085e-08,6.870100608898979e-07
U023,2.198,0.47300000000000003,-1.7249999999999999,-78.48043676069153,2.6753239536173265e-06,6.841173869493088e-07
U218,0.7116117000000001,0.4670135,-0.24459820000000004,-34.37242529879709,8.661473278818687e-07,6.754588906766407e-07
D033,0.0,0.4535,0.4535,,0.0,6.559138160285657e-07
U185,3.9261367,0.44649999999999995,-3.4796367,-88.62749735637071,4.778747751904497e-06,6.457894572365039e-07
P023,0.24100000000000002,0.4345,0.19349999999999998,80.29045643153525,2.9333624787159955e-07,6.284334135929697e-07
P048,0.1880065,0.4065,0.21849349999999998,116.21592870459266,2.2883452815548492e-07,5.87935978424723e-07
U389,75.087,0.3975,-74.68950000000001,-99.47061408765833,9.139310723624396e-05,5.749189456920725e-07
U085,0.0025,0.3905,0.388,15519.999999999998,3.0429071355975056e-09,5.647945869000109e-07
P018,0.01,0.377,0.367,3669.9999999999995,1.2171628542390022e-08,5.452690378010347e-07
D025,22.4269003,0.368,-22.0589003,-98.35911340810661,2.7297189980881534e-05,5.32252005068384e-07
U194,0.005,0.367,0.362,7239.999999999999,6.085814271195011e-09,5.308056680980896e-07
U068,1.4609999999999999,0.3625,-1.0984999999999998,-75.18822724161532,1.778274930043182e-06,5.242971517317642e-07
U110,0.0,0.362,0.362,,0.0,5.235739832466168e-07
P099,0.1488575,0.35700000000000004,0.20814250000000004,139.82667987840722,1.8118381957488226e-07,5.163422983951443e-07
U029,0.0780125,0.34499609999999997,0.2669836,342.2318218234257,9.495391716632015e-08,4.989806140374258e-07
U039,0.0465,0.319,0.2725,586.0215053763441,5.659807272211359e-08,4.613814935239525e-07
U209,0.0021102,0.308,0.3058898,14495.77291252014,2.5684570550151422e-09,4.454717868507128e-07
U227,0.0365,0.2685,0.232,635.6164383561644,4.4426444179723576e-08,3.883414765240791e-07
P057,0.015,0.26,0.245,1633.3333333333333,1.8257442813585034e-08,3.7604761227657574e-07
F022,0.5735,0.24435780000000001,-0.3291422,-57.391839581517004,6.980428969060677e-07,3.534237201198347e-07
U053,0.036000000000000004,0.2255,0.1895,526.3888888888888,4.381786275260408e-08,3.261489868014147e-07
P108,0.018000000000000002,0.219001,0.20100099999999999,1116.672222222222,2.190893137630204e-08,3.167492428314706e-07
P014,9.599924600000001,0.216011,-9.383913600000001,-97.7498677437529,1.1684671626615212e-05,3.1242469529028997e-07
D015,0.15,0.21193069999999997,0.06193069999999998,41.28713333333332,1.8257442813585032e-07,3.065232065503972e-07
P074,0.1305,0.2027562,0.07225619999999999,55.3687356321839,1.5883975247818976e-07,2.932537880164301e-07
U156,0.1615,0.1725,0.010999999999999982,6.811145510835901,1.9657180095959885e-07,2.49493127375805e-07
U026,0.145,0.1665,0.02150000000000002,14.827586206896564,1.764886138646553e-07,2.408151055540379e-07
U225,0.009000000000000001,0.16299999999999998,0.15399999999999997,1711.1111111111106,1.095446568815102e-08,2.3575292615800704e-07
P095,0.17154740000000002,0.1605,-0.011047400000000013,-6.439852775384535,2.088011230212798e-07,2.3213708373227078e-07
U166,3.0190978,0.149,-2.8700978,-95.06475080071934,3.6747336954746918e-06,2.1550420857388373e-07
U120,9.055,0.14050220000000002,-8.9144978,-98.44834676974047,1.1021409645134164e-05,2.0321352626771502e-07
U164,0.026,0.129,0.10300000000000001,396.1538461538462,3.1646234210214055e-08,1.8657746916799334e-07
U411,0.007,0.1275,0.1205,1721.428571428571,8.520139979673014e-09,1.8440796371255156e-07
U153,0.7830001,0.11750000000000002,-0.6655000999999999,-84.99361622048323,9.53038636585424e-07,1.6994459400960635e-07
U163,0.2285,0.1155004,-0.1129996,-49.452778993435444,2.78121712193612e-07,1.6705249860380538e-07
U091,0.014,0.1121256,0.09812560000000001,700.8971428571429,1.7040279959346027e-08,1.6217140059645545e-07
K021,0.0,0.101,0.101,,0.0,1.4608003399974672e-07
U109,0.002,0.1,0.098,4900.0,2.434325708478004e-09,1.446336970294522e-07
P006,4.3175,0.097,-4.2204999999999995,-97.75332947307469,5.255100623176891e-06,1.4029468611856862e-07
U032,47.8302,0.09641,-47.73379,-99.79843278932557,5.821714275082232e-05,1.3944134730609484e-07
U157,1.1909999999999998,0.0905,-1.1004999999999998,-92.40134340890009,1.4496409593986515e-06,1.308934958116542e-07
D042,1.1197499999999998,0.0857504,-1.0339995999999998,-92.34200491181068,1.3629181060341222e-06,1.2402397373754338e-07
U171,0.003,0.08549999999999999,0.08249999999999999,2749.9999999999995,3.6514885627170066e-09,1.236618109601816e-07
K039,4.3665,0.085,-4.2815,-98.05336081529829,5.3147416030346025e-06,1.2293864247503435e-07
U033,0.0020001,0.0825,0.0804999,4024.7937603119844,2.434447424763428e-09,1.1932280004929806e-07
U017,0.005,0.08,0.075,1500.0,6.085814271195011e-09,1.1570695762356175e-07
U208,0.0,0.073,0.073,,0.0,1.0558259883150008e-07
U097,0.127,0.07,-0.056999999999999995,-44.881889763779526,1.5457968248835328e-07,1.0124358792061654e-07
P011,0.0055,0.0678411,0.0623411,1133.4745454545455,6.694395698314512e-09,9.81210910354477e-08
U073,0.0,0.0675,0.0675,,0.0,9.762774549488022e-08
U082,0.0275,0.066,0.038500000000000006,140.0,3.3471978491572557e-08,9.545824003943844e-08
U022,1.7965,0.0635,-1.733,-96.46534929028667,2.1866330676403672e-06,9.184239761370214e-08
U020,0.1345,0.0635,-0.07100000000000001,-52.78810408921933,1.637084038951458e-07,9.184239761370214e-08
U021,0.0031001,0.0615,0.0583999,1883.8069739685814,3.773326564426331e-09,8.894972367311309e-08
P122,0.001,0.055,0.054,5400.0,1.217162854239002e-09,7.95485333661987e-08
P104,0.025,0.053500000000000006,0.028500000000000004,114.00000000000001,3.042907135597505e-08,7.737902791075693e-08
U235,0.0,0.05,0.05,,0.0,7.23168485147261e-08
U193,0.05450000000000001,0.0483465,-0.006153500000000006,-11.290825688073404,6.633537555602562e-08,6.99253303343441e-08
U004,0.27974,0.0475,-0.23224,-83.0199470937299,3.404891368448184e-07,6.87010060889898e-08
U176,0.0,0.047307499999999995,0.047307499999999995,,0.0,6.842258622220808e-08
K099,0.8645,0.0425,-0.8220000000000001,-95.08386350491614,1.0522372874896173e-06,6.146932123751718e-08
P043,0.029,0.0425,0.013500000000000002,46.55172413793104,3.529772277293106e-08,6.146932123751718e-08
P058,0.0125,0.0345,0.022000000000000002,176.0,1.5214535677987526e-08,4.989862547516101e-08
U136,0.14700000000000002,0.033,-0.11400000000000002,-77.55102040816327,1.7892293957313331e-07,4.772912001971922e-08
P046,0.0335,0.030000000000000002,-0.0034999999999999996,-10.44776119402985,4.0774955617006574e-08,4.339010910883566e-08
U061,9.6305,0.027,-9.6035,-99.71964072478066,1.172188686774871e-05,3.905109819795209e-08
U271,0.0025,0.025,0.022500000000000003,900.0,3.0429071355975056e-09,3.615842425736305e-08
U248,0.0530052,0.024,-0.029005200000000002,-54.72142355844333,6.451596052150915e-08,3.471208728706853e-08
P037,2.1976834999999997,0.02,-2.1776834999999997,-99.08995085052055,2.67493872157396e-06,2.8926739405890437e-08
K131,0.0,0.02,0.02,,0.0,2.8926739405890437e-08
U180,0.0,0.019,0.019,,0.0,2.7480402435595916e-08
P113,0.0002204,0.019,0.0187796,8520.689655172415,2.6826269307427605e-10,2.7480402435595916e-08
U098,0.011,0.019,0.008,72.72727272727273,1.3388791396629024e-08,2.7480402435595916e-08
U167,1.0155,0.0173505,-0.9981495,-98.29143279172821,1.2360288784797068e-06,2.5094669603095103e-08
P112,0.009000000000000001,0.016,0.006999999999999999,77.77777777777776,1.095446568815102e-08,2.3141391524712348e-08
U095,0.01,0.015,0.004999999999999999,49.999999999999986,1.2171628542390022e-08,2.1695054554417826e-08
U093,0.0,0.0135004,0.0135004,,0.0,1.9526127633764163e-08
U130,0.007,0.0125,0.0055000000000000005,78.57142857142858,8.520139979673014e-09,1.8079212128681524e-08
P093,0.0245,0.011,-0.013500000000000002,-55.102040816326536,2.9820489928855554e-08,1.590970667323974e-08
P092,0.0275,0.010522,-0.016978,-61.738181818181815,3.3471978491572557e-08,1.521835760143896e-08
P116,0.024,0.0105,-0.0135,-56.25,2.9211908501736053e-08,1.518653818809248e-08
U148,0.0005,0.0105,0.01,2000.0,6.08581427119501e-10,1.518653818809248e-08
P101,0.3572175,0.0100512,-0.34716630000000004,-97.18625207331668,4.347918718841207e-07,1.4537422155824299e-08
U089,0.024,0.009,-0.015000000000000001,-62.5,2.9211908501736053e-08,1.3017032732650694e-08
P021,0.0,0.0085,0.0085,,0.0,1.2293864247503436e-08
D013,5.244999999999999,0.0085,-5.2364999999999995,-99.83794089609152,6.384019170483565e-06,1.2293864247503436e-08
P201,0.0,0.007,0.007,,0.0,1.0124358792061652e-08
U187,0.0,0.006,0.006,,0.0,8.678021821767132e-09
P067,0.0075,0.0055000000000000005,-0.001999999999999999,-26.666666666666654,9.128721406792517e-09,7.954853336619872e-09
P017,0.001,0.0055,0.0045,450.0,1.217162854239002e-09,7.95485333661987e-09
P109,0.0,0.005,0.005,,0.0,7.231684851472609e-09
U024,0.0,0.005,0.005,,0.0,7.231684851472609e-09
P040,0.0,0.004999999999999999,0.004999999999999999,,0.0,7.231684851472608e-09
U074,0.0025,0.0045000000000000005,0.0020000000000000005,80.00000000000001,3.0429071355975056e-09,6.5085163663253485e-09
P016,0.0435,0.0040125000000000004,-0.039487499999999995,-90.77586206896551,5.294658415939659e-08,5.803427093306769e-09
P013,0.0,0.004,0.004,,0.0,5.785347881178087e-09
P050,0.061,0.004,-0.056999999999999995,-93.44262295081967,7.424693410857913e-08,5.785347881178087e-09
U105,0.14250000000000002,0.004,-0.1385,-97.19298245614036,1.7344570672905782e-07,5.785347881178087e-09
U126,0.004,0.0035,-0.0005,-12.5,4.868651416956008e-09,5.062179396030826e-09
P111,0.15,0.0030005,-0.1469995,-97.99966666666667,1.8257442813585032e-07,4.3397340793687126e-09
U049,0.0,0.003,0.003,,0.0,4.339010910883566e-09
U183,0.002,0.003,0.001,50.0,2.434325708478004e-09,4.339010910883566e-09
P060,0.002,0.003,0.001,50.0,2.434325708478004e-09,4.339010910883566e-09
P071,2.1605,0.0026733,-2.1578266999999998,-99.87626475352927,2.629680346583364e-06,3.866492622688345e-09
U048,0.032,0.0025004,-0.0294996,-92.18625,3.8949211335648066e-08,3.616420960524422e-09
U106,0.0,0.0025,0.0025,,0.0,3.6158424257363046e-09
U234,0.0,0.0025,0.0025,,0.0,3.6158424257363046e-09
P103,0.0035,0.0025,-0.001,-28.57142857142857,4.260069989836507e-09,3.6158424257363046e-09
P009,0.0,0.0025,0.0025,,0.0,3.6158424257363046e-09
U027,122.33000000000001,0.0025,-122.32750000000001,-99.9979563475844,0.00014889553195905714,3.6158424257363046e-09
U076,0.0,0.0020004,0.0020004,,0.0,2.8932524753771613e-09
U124,0.0,0.002,0.002,,0.0,2.8926739405890435e-09
U099,0.0,0.002,0.002,,0.0,2.8926739405890435e-09
P073,0.0305062,0.002,-0.028506200000000002,-93.44395565491605,3.7131013463985846e-08,2.8926739405890435e-09
P031,0.002,0.002,0.0,0.0,2.434325708478004e-09,2.8926739405890435e-09
U071,0.0,0.002,0.002,,0.0,2.8926739405890435e-09
U042,0.0,0.0016537,0.0016537,,0.0,2.3918074477760507e-09
P082,0.0,0.0016250000000000001,0.0016250000000000001,,0.0,2.3502975767285983e-09
P188,0.2245,0.001001,-0.223499,-99.55412026726059,2.7325306077665597e-07,1.4477833072648163e-09
U168,0.0055,0.001,-0.0045,-81.81818181818181,6.694395698314512e-09,1.4463369702945217e-09
U018,2.4299999999999997,0.001,-2.429,-99.95884773662553,2.957705735800775e-06,1.4463369702945217e-09
U243,0.0,0.001,0.001,,0.0,1.4463369702945217e-09
U015,0.018000000000000002,0.00075,-0.01725,-95.83333333333333,2.190893137630204e-08,1.0847527277208916e-09
P007,0.0,0.0005,0.0005,,0.0,7.231684851472609e-10
U086,0.0,0.0005,0.0005,,0.0,7.231684851472609e-10
P123,139.915,0.0001102,-139.9148898,-99.99992123789444,0.00017029934075084996,1.593863341264563e-10
P047,0.0,0.0001102,0.0001102,,0.0,1.593863341264563e-10
P033,0.122,0.0,-0.122,-100.0,1.4849386821715826e-07,0.0
P199,4.112500000000001,0.0,-4.112500000000001,-100.0,5.0055822380578965e-06,0.0
P118,0.0,0.0,0.0,,0.0,0.0
P027,0.0,0.0,0.0,,0.0,0.0
P128,0.0,0.0,0.0,,0.0,0.0
P190,0.0,0.0,0.0,,0.0,0.0
U237,0.0,0.0,0.0,,0.0,0.0
U480,1.18,0.0,-1.18,-100.0,1.4362521680020223e-06,0.0
P196,0.0,0.0,0.0,,0.0,0.0
F021,2.2615000000000003,0.0,-2.2615000000000003,-100.0,2.7526137948615036e-06,0.0
U247,0.0005,0.0,-0.0005,-100.0,6.08581427119501e-10,0.0
P203,1.8,0.0,-1.8,-100.0,2.190893137630204e-06,0.0
P204,0.0,0.0,0.0,,0.0,0.0
PHRM,0.0,0.0,0.0,,0.0,0.0
P004,0.131,0.0,-0.131,-100.0,1.594483339053093e-07,0.0
P026,0.0,0.0,0.0,,0.0,0.0
U222,0.030901,0.0,-0.030901,-100.0,3.7611549358839405e-08,0.0
P002,0.17400000000000002,0.0,-0.17400000000000002,-100.0,2.1178633663758639e-07,0.0
P114,0.0,0.0,0.0,,0.0,0.0
P097,0.0,0.0,0.0,,0.0,0.0
P036,0.005,0.0,-0.005,-100.0,6.085814271195011e-09,0.0
U364,0.15,0.0,-0.15,-100.0,1.8257442813585032e-07,0.0
P038,0.005,0.0,-0.005,-100.0,6.085814271195011e-09,0.0
U395,0.0,0.0,0.0,,0.0,0.0
U394,0.0,0.0,0.0,,0.0,0.0
P039,0.0005,0.0,-0.0005,-100.0,6.08581427119501e-10,0.0
U387,0.0,0.0,0.0,,0.0,0.0
U373,0.0,0.0,0.0,,0.0,0.0
U367,0.0,0.0,0.0,,0.0,0.0
P051,36.998000000000005,0.0,-36.998000000000005,-100.0,4.503259128113461e-05,0.0
P085,0.0,0.0,0.0,,0.0,0.0
P054,0.0005,0.0,-0.0005,-100.0,6.08581427119501e-10,0.0
P062,0.0,0.0,0.0,,0.0,0.0
U280,0.0,0.0,0.0,,0.0,0.0
P065,0.003,0.0,-0.003,-100.0,3.6514885627170066e-09,0.0
U278,0.0,0.0,0.0,,0.0,0.0
K178,0.0,0.0,0.0,,0.0,0.0
P084,0.0,0.0,0.0,,0.0,0.0
U005,0.0,0.0,0.0,,0.0,0.0
K010,0.038,0.0,-0.038,-100.0,4.625218846108208e-08,0.0
U014,0.589,0.0,-0.589,-100.0,7.169089211467722e-07,0.0
U155,0.005,0.0,-0.005,-100.0,6.085814271195011e-09,0.0
U087,0.0,0.0,0.0,,0.0,0.0
U186,0.15999999999999998,0.0,-0.15999999999999998,-100.0,1.947460566782403e-07,0.0
U094,0.0,0.0,0.0,,0.0,0.0
K084,0.0,0.0,0.0,,0.0,0.0
D017,0.0,0.0,0.0,,0.0,0.0
U111,0.0825,0.0,-0.0825,-100.0,1.0041593547471766e-07,0.0
K043,0.0,0.0,0.0,,0.0,0.0
U179,0.034,0.0,-0.034,-100.0,4.138353704412607e-08,0.0
U178,0.0,0.0,0.0,,0.0,0.0
U127,6.7375,0.0,-6.7375,-100.0,8.200634730435278e-06,0.0
K026,0.0,0.0,0.0,,0.0,0.0
U174,1.075,0.0,-1.075,-100.0,1.3084500683069272e-06,0.0
U173,1.4285,0.0,-1.4285,-100.0,1.7387171372804145e-06,0.0
K025,0.0,0.0,0.0,,0.0,0.0
U142,0.0,0.0,0.0,,0.0,0.0
U143,0.0,0.0,0.0,,0.0,0.0
U150,0.477,0.0,-0.477,-100.0,5.805866814720039e-07,0.0
K018,0.0,0.0,0.0,,0.0,0.0
K005,0.01,0.0,-0.01,-100.0,1.2171628542390022e-08,0.0
K003,0.0,0.0,0.0,,0.0,0.0
K002,0.0,0.0,0.0,,0.0,0.0
U083,0.0047004,0.0,-0.0047004,-100.0,5.721152280065006e-09,0.0
U047,2.9955,0.0,-2.9955,-100.0,3.646011329872931e-06,0.0
U216,0.0001102,0.0,-0.0001102,-100.0,1.3413134653713802e-10,0.0
U215,0.002205,0.0,-0.002205,-100.0,2.6838440935969998e-09,0.0
K150,0.0,0.0,0.0,,0.0,0.0
U030,0.0,0.0,0.0,,0.0,0.0
K148,0.0,0.0,0.0,,0.0,0.0
U038,0.0,0.0,0.0,,0.0,0.0
K141,0.0,0.0,0.0,,0.0,0.0
U207,0.0,0.0,0.0,,0.0,0.0
U050,0.0,0.0,0.0,,0.0,0.0
U192,0.0125,0.0,-0.0125,-100.0,1.5214535677987526e-08,0.0
K118,0.0,0.0,0.0,,0.0,0.0
U203,0.0,0.0,0.0,,0.0,0.0
K115,5.5,0.0,-5.5,-100.0,6.694395698314511e-06,0.0
U200,0.0960004,0.0,-0.0960004,-100.0,1.1684812087208589e-07,0.0
U063,0.0125,0.0,-0.0125,-100.0,1.5214535677987526e-08,0.0
U064,0.0,0.0,0.0,,0.0,0.0
K113,0.0,0.0,0.0,,0.0,0.0
K112,0.0,0.0,0.0,,0.0,0.0
K101,0.0,0.0,0.0,,0.0,0.0
